location,city,latitude,longitude
Gulberg,Lahore,31.522069,74.355512
Allama Iqbal Town,Lahore,31.506483000000003,74.286017
Military Accounts Housing Society,Lahore,31.421229,74.28556
Eden,Lahore,31.441113,74.239683
Upper Mall,Lahore,31.542114,74.355898
Park View Villas,Lahore,31.450248,74.20093100000001
Askari,Lahore,31.537239000000003,74.420211
Bedian Road,Lahore,31.473474,74.429569
Agrics Town,Lahore,31.441625,74.224648
Chaman Park,Lahore,31.567912,74.399192
EME Society,Lahore,31.439978000000004,74.209685
GOR,Lahore,31.543431,74.344225
Karim Park,Lahore,31.590234,74.300365
Gulshan-e-Ravi,Lahore,31.551184000000003,74.284058
Al-Raheem Garden,Lahore,31.597234000000004,74.474513
Mateen Avenue,Lahore,31.441992,74.291389
Paragon City,Lahore,31.530739,74.456184
IEP Engineers Town,Lahore,31.402513,74.292798
Bahria Town,Lahore,31.374195,74.191482
Architects Engineers Housing Society,Lahore,31.443749,74.259152
DHA Defence,Lahore,31.469155,74.47055300000001
Samanabad,Lahore,31.539206,74.305515
Model Town,Lahore,31.473883882339,74.329080193659
Sultan Pura,Lahore,31.581615000000003,74.341853
Cantt,Lahore,31.5288,74.39312
T & T Aabpara Housing Society,Lahore,31.413758,74.239726
Al Faisal Town,Lahore,31.550672,74.403963
Canal Garden,Lahore,31.394711,74.177392
Muslim Nagar Housing Scheme,Lahore,31.351625,74.22989799999999
Tricon Village,Lahore,31.409619,74.166126
Cavalry Ground,Lahore,31.500556,74.367728
PCSIR Housing Scheme,Lahore,31.452023,74.26255
Pak Arab Housing Society,Lahore,31.426924,74.342333
Green Fort,Lahore,31.435401,74.195094
State Life Housing Society,Lahore,31.446824,74.404736
DHA 11 Rahbar,Lahore,31.390645000000003,74.252887
Shershah Colony - Raiwind Road,Lahore,31.410095,74.222553
Jaranwala Road,Lahore,31.606495501781,74.23177331686
Mozang,Lahore,31.549166946763,74.318010360003
Cricketer Villas,Lahore,31.495427000000003,74.423858
Rehman Villas,Lahore,31.484967,74.4104
Harbanspura Road,Lahore,31.560697555542003,74.42132568359399
Alfalah Town,Lahore,31.482881,74.418933
Punjab Govt Employees Society,Lahore,31.420167,74.285746
Ashiana-e-Quaid Housing Scheme,Lahore,31.425257,74.383922
Cantt,Karachi,24.889395,67.09862700000001
Gulistan-e-Jauhar,Karachi,24.914987564087,67.138702392578
Malir,Karachi,24.882302,67.18467700000001
Gadap Town,Karachi,25.018156,67.066864
DHA Defence,Karachi,24.818309020251004,67.080878019333
Scheme 33,Karachi,24.964623,67.16855799999999
Gulshan-e-Iqbal Town,Karachi,24.939604,67.09590899999999
Nazimabad,Karachi,24.906134,67.023983
Falcon Complex Faisal,Karachi,24.865828,67.088388
Shahra-e-Faisal,Karachi,24.867670621306,67.194591695443
Navy Housing Scheme Karsaz,Karachi,24.893299,67.103462
Bahria Town Karachi,Karachi,25.005301,67.30881
North Nazimabad,Karachi,24.941744,67.053638
Northern Bypass,Karachi,25.07576,67.105412
Fazaia Housing Scheme,Karachi,25.075881668591,67.106037139893
New Karachi,Karachi,24.989559,67.067714
Shaheed Millat Road,Karachi,24.876976000000003,67.069237
North Karachi,Karachi,24.969758,67.072692
P & T Colony,Karachi,24.826386,67.045677
Baldia Town,Karachi,24.906445,66.96926500000001
G-15,Islamabad,33.631485999999995,72.926559
F-10,Islamabad,33.691531,73.005431
Bani Gala,Islamabad,33.707572937012,73.15119934082
DHA Defence,Islamabad,33.492591,73.301339
Ghauri Town,Islamabad,33.623946999999994,73.126588
Korang Town,Islamabad,33.579034,73.13959100000001
Bahria Town,Islamabad,33.493611470492,73.128966093282
B-17,Islamabad,33.694495,72.82665300000001
G-11,Islamabad,33.671640000000004,72.99165500000001
Bhara kahu,Islamabad,33.737402,73.179159
Garden Town,Islamabad,33.636132,73.11392099999999
Koral Town,Islamabad,33.602038,73.141966
Soan Garden,Islamabad,33.569648,73.151522
F-6,Islamabad,33.72402,73.074524
F-7,Islamabad,33.716274,73.05624
I-16,Islamabad,33.594496,72.92659499999999
E-7,Islamabad,33.727409,73.04758100000001
Emaar Canyon Views,Islamabad,33.518929,73.184692
G-13,Islamabad,33.645957,72.96247199999999
F-17,Islamabad,33.631987,72.880297
F-11,Islamabad,33.680925,72.99797099999999
Kuri Road,Islamabad,33.678171,73.162161
Pakistan Town,Islamabad,33.575405,73.143325
G-10,Islamabad,33.671890000000005,73.012254
Chatha Bakhtawar,Islamabad,33.666470000000004,73.15393399999999
E-11,Islamabad,33.704599,72.978702
F-8,Islamabad,33.713131,73.038383
Muslim Town,Faisalabad,31.470052022249,73.088285923004
Millat Town,Faisalabad,31.490612,73.10647
Raza Abad,Faisalabad,31.42599,73.04821700000001
Satiana Road,Faisalabad,31.372179,73.12559399999999
Abdullahpur,Faisalabad,31.423683,73.10636
Wapda City,Faisalabad,31.510947,73.220086
Humak,Rawalpindi,33.538462,73.144913
Westridge,Rawalpindi,33.607828999999995,73.021817
Bahria Town Rawalpindi,Rawalpindi,33.555451,73.13821800000001
Gulshan Abad,Rawalpindi,33.530556,73.06126400000001
Police Foundation Housing Scheme,Rawalpindi,33.566321,73.133953
Chakri Road,Rawalpindi,33.563712435267,73.015782125294
Askari 14,Rawalpindi,33.543004,73.067576
Askari 13,Rawalpindi,33.569523,73.064679
Askari 12,Rawalpindi,33.597588,73.080837
Judicial Colony,Rawalpindi,33.595729,73.134502
Askari 10,Rawalpindi,33.586989,73.077743
Gulshan-e-Iqbal,Rawalpindi,33.551195,73.02615899999999
Shalley Valley,Rawalpindi,33.597548,73.014176
Askari 7,Rawalpindi,33.56103,73.062276
Dhok Kashmirian,Rawalpindi,33.643,73.08328
Gulraiz Housing Scheme,Rawalpindi,33.5628,73.10714399999999
Lalazar,Rawalpindi,33.566573,73.056579
Askari 11,Rawalpindi,33.598893,73.026845
Adiala Road,Rawalpindi,33.550869,73.05618199999999
Satellite Town,Rawalpindi,33.63613,73.06855999999999
Al-Noor Colony,Rawalpindi,33.628011,73.10755999999999
Affandi Colony,Rawalpindi,33.631594,73.08103
Sadiqabad,Rawalpindi,33.632397631086995,73.080732822418
Misryal Road,Rawalpindi,33.600512236518995,72.99803066260199
Garden Town,Lahore,31.512228000000004,74.325078
Shahdara,Lahore,31.626564,74.281826
Iqbal Park,Lahore,31.48601325613,74.380331200928
Sabzazar Scheme,Lahore,31.528143627407,74.26180064678199
Model Colony,Lahore,31.499216,74.349013
Mustafa Town,Lahore,31.494993,74.27294
Walton Road,Lahore,31.477098,74.357271
New Super Town,Lahore,31.495945000000003,74.37718000000001
West Wood Housing Society,Lahore,31.465788,74.237881
Valencia Housing Society,Lahore,31.398118,74.254746
Palm Villas,Lahore,31.587028000000004,74.495264
Islampura,Lahore,31.567228382586,74.28805947303799
Mansoorah,Lahore,31.492615,74.265647
Marghzar Officers Colony,Lahore,31.501973596972,74.247343540192
Wapda Town,Lahore,31.434522,74.266148
Johar Town,Lahore,31.46928106709,74.298274666071
Mughalpura,Lahore,31.563398,74.3891
Saggian,Lahore,31.596965,74.238197
Shoukat Town,Lahore,31.458687,74.35933
Al Hamra Town,Lahore,31.448106,74.25705699999999
Faisal Town,Lahore,31.478013,74.304285
Badami Bagh,Lahore,31.603832,74.32248100000001
Gulistan Colony,Lahore,31.454073,74.35645600000001
Lahore Motorway City,Lahore,31.644237,74.211656
OPF Housing Scheme,Lahore,31.423428136990005,74.24503248184901
Ferozepur Road,Lahore,31.502166,74.333439
Township,Lahore,31.439026,74.295001
Babu Sabu,Lahore,31.541236,74.269202
Al Kareem Garden,Lahore,31.589742,74.451851
Nawab Town,Lahore,31.452609,74.249039
Punjab Small Industries Colony,Lahore,31.476512,74.418805
Shalimar Link Road,Lahore,31.572526,74.381002
Airport Road,Lahore,31.458956061694003,74.362351298332
Ichhra,Lahore,31.533262,74.316587
Kamahan Road,Lahore,31.454618,74.368249
Mehmood Booti,Lahore,31.605143156574,74.3901014328
Kot Lakhpat,Lahore,31.458035,74.33581
Pakki Thatti,Lahore,31.532565169823,74.289628565311
Chungi Amar Sadhu,Lahore,31.450925,74.354287
Canal View,Lahore,31.478159,74.254017
Al-Hafiz Town,Lahore,31.508595,74.249121
Gulshan-e-Lahore,Lahore,31.424488,74.25245799999999
Qadri Colony,Lahore,31.484820000000003,74.367471
Tariq Gardens,Lahore,31.420094,74.254174
Hameedpura,Lahore,31.579632,74.403275
Empress Road,Lahore,31.56976,74.335463
Khayaban-e-Jinnah Road,Lahore,31.436474895687,74.26094055154
Ahmad Housing Society,Lahore,31.491380025790004,74.250894784927
Jallo Park Road,Lahore,31.579015,74.48308
Green Cap Housing Society,Lahore,31.398679377595,74.354968070766
Bismillah Housing Scheme,Lahore,31.598386,74.48082099999999
Fateh Garh,Lahore,31.566314252841,74.408243894577
GT Road,Lahore,31.597241138821,74.474582970142
Jubilee Town,Lahore,31.409802000000003,74.193678
Sant Nagar,Lahore,31.569505,74.295473
Al Rehman Garden,Lahore,31.598824,74.228218
Harbanspura,Lahore,31.57662254607,74.418978430331
Lalazar,Lahore,31.466167,74.244961
Ashraf Garden,Lahore,31.588834,74.471097
Al-Kabir Town,Lahore,31.364343,74.213113
Nishat Colony,Lahore,31.496092,74.39323399999999
College Road,Lahore,31.422981,74.28193
Aashiana Road,Lahore,31.428051,74.37968000000001
Ali View Park,Lahore,31.494262,74.400187
Divine Gardens,Lahore,31.502385,74.414506
Rail Town (Canal City),Lahore,31.441643737814,74.20201420784001
Bahria Nasheman,Lahore,31.320611,74.403269
Ghaziabad,Lahore,31.557474,74.395108
Shadbagh,Lahore,31.602644,74.340019
Kahna,Lahore,31.373864,74.362316
Doctors Housing Society,Lahore,31.461139000000003,74.233675
Vital Homes Housing Scheme,Lahore,31.427946,74.343731
Bilal Gunj,Lahore,31.580583,74.301438
Zamzama,Karachi,24.823782,67.039905
Federal B Area,Karachi,24.929992,67.054489
Jamshed Town,Karachi,24.859299,67.055311
Gulshan-e-Usman Housing Society,Karachi,24.979744,67.18503299999999
Chapal Uptown,Karachi,25.045518,67.13858
Bath Island,Karachi,24.835661,67.028604
Manzoor Colony,Karachi,24.850265,67.085216
Anda Mor Road,Karachi,24.964946,67.056945
Airport,Karachi,24.902397155762,67.159805297852
Liaquatabad,Karachi,24.903253,67.052279
Shah Faisal Town,Karachi,24.880071,67.162514
Lehtarar Road,Islamabad,33.633999732916,73.154835448347
G-9,Islamabad,33.682675,73.030243
E-14,Islamabad,33.66964,72.923294
I-14,Islamabad,33.617443,72.969296
Tarlai,Islamabad,33.640278,73.15392
PWD Housing Scheme,Islamabad,33.570792,73.145256
Simly Dam Road,Islamabad,33.728837,73.229934
I-9,Islamabad,33.653065999999995,73.053846
Burma Town,Islamabad,33.642178619562,73.129205703735
National Police Foundation O-9,Islamabad,33.576471999999995,73.13221
Naval Anchorage,Islamabad,33.573009000000006,73.198629
Islamabad Highway,Islamabad,33.68272,73.07338399999999
CBR Town,Islamabad,33.559385,73.141265
Jhang Syedan,Islamabad,33.643982,73.20804
I-8,Islamabad,33.662782,73.077793
D-17,Islamabad,33.657138,72.858281
Arsalan Town,Islamabad,33.642491,73.213663
Kashmir Highway,Islamabad,33.651923,72.985343
I-10,Islamabad,33.646421000000004,73.045263
Pir Sohawa,Islamabad,33.806977,73.128156
Paradise Valley,Faisalabad,31.473035,73.195024
Ghulam Mohammad Abad,Faisalabad,31.44082,73.043532
Usman Town,Faisalabad,31.463279724121,73.09718322753899
Zulfiqar Colony,Faisalabad,31.387106,73.08827
Madina Town,Faisalabad,31.41764,73.120401
Gulshan-e-Rafique,Faisalabad,31.374964,73.06499699999999
Rachna Town,Faisalabad,31.390572,73.1158
Eden Valley,Faisalabad,31.436062,73.15459
Ghalib City,Faisalabad,31.421539000000003,73.14799000000001
Sargodha Road,Faisalabad,31.444042,73.088565
Samundari Road,Faisalabad,31.34583,73.06851999999999
Jaranwala,Faisalabad,31.32571407953,73.421204052866
Peoples Colony No 2,Faisalabad,31.395993,73.106961
Hilal Road,Faisalabad,31.38635,73.09943
Yousaf Town,Faisalabad,31.3918552811,73.114590011537
Jail Road,Faisalabad,31.435240616906,73.063445985317
Gulbahar Colony,Faisalabad,31.399473044549,73.105419874191
Lasani Town,Faisalabad,31.463701,73.07727
Shahzad Colony,Faisalabad,31.395879,73.111181
Narwala Road,Faisalabad,31.440014,73.022161
Chaklala Scheme,Rawalpindi,33.656924,73.143826
Khayaban-e-Sir Syed,Rawalpindi,33.635240484949,73.041763007641
Gulbahar Scheme,Rawalpindi,33.588932,73.12682099999999
Gulistan Colony,Rawalpindi,33.56904,73.0953
Airport Housing Society,Rawalpindi,33.584261,73.121663
Peshawar Road,Rawalpindi,33.602664000000004,73.03019599999999
Afshan Colony,Rawalpindi,33.595247,73.02359100000001
Ghous-e-Azam Road,Rawalpindi,33.556512,73.011289
Girja Road,Rawalpindi,33.564923,72.993558
Dhoke Banaras Road,Rawalpindi,33.59247,73.01495
PWD Colony,Rawalpindi,33.570881,73.145235
Tulsa Road,Rawalpindi,33.567664,73.052858
New Lalazar,Rawalpindi,33.561043,73.07061999999999
Ali Town,Rawalpindi,33.553087,73.055075
Saddar,Rawalpindi,33.596104,73.05358199999999
Taj Bagh Scheme,Lahore,31.563251,74.41388
Gohawa,Lahore,31.492432,74.427974
Multan Road,Lahore,31.431593,74.179974
Rehmanpura (Ferozpur Road),Lahore,31.521776000000003,74.319835
Shadipura,Lahore,31.599153,74.403949
Swami Nagar,Lahore,31.578462,74.346285
Baghbanpura,Lahore,31.584532,74.37298
Nasheman-e-Iqbal,Lahore,31.433497,74.248853
Lake City,Lahore,31.359648,74.253075
AWT Army Welfare Trust,Lahore,31.347406,74.207447
Eden Villas,Lahore,31.470028000000003,74.321749
Sui Gas Housing Society,Lahore,31.453561,74.398513
Misri Shah,Lahore,31.5838,74.339662
Thokar Niaz Baig,Lahore,31.470693,74.241357
Lahore Medical Housing Society,Lahore,31.581899,74.463515
UBL Housing Society,Lahore,31.473126,74.413572
Salli Town,Lahore,31.555499,74.41246
PIA Main Boulevard,Lahore,31.448707,74.283357
Abdalians Cooperative Housing Society,Lahore,31.456124,74.268823
Nishtar Colony,Lahore,31.422218,74.364395
Bhatta Chowk,Lahore,31.487441,74.41206
Madina Colony,Lahore,31.491334,74.361305
Highcourt Society,Lahore,31.455906158047,74.293024241924
Ravi Park,Lahore,31.595315000000003,74.30650200000001
Zaman Colony,Lahore,31.495177,74.37139
Central Park Housing Scheme,Lahore,31.321674,74.38086
Mohafiz Town,Lahore,31.451584000000004,74.223247
Awan Town,Lahore,31.503922,74.260068
Shadab Garden,Lahore,31.422804,74.355125
Al Rahim Homes,Lahore,31.480575,74.296239
Chauburji Chowk,Lahore,31.554108000000003,74.30512
Islamia Park,Lahore,31.548701,74.303386
Sunny Park,Lahore,31.452755,74.258437
Fort Villas,Lahore,31.486064,74.37807099999999
Izmir Town,Lahore,31.409729,74.178658
PIA Housing Scheme,Lahore,31.446129,74.278986
Dream Avenue Lahore,Lahore,31.402868,74.236129
Mehar Fayaz Colony,Lahore,31.576632,74.40516
Al-Amin Housing Society,Lahore,31.480609,74.42101
Defence Road,Lahore,31.395187,74.210401
Dharampura,Lahore,31.554037,74.366615
Hassan Town,Lahore,31.505514,74.265089
Lalazaar Garden,Lahore,31.509067,74.246771
Eden Place Housing Scheme,Lahore,31.394949,74.31860999999999
Sukh Chayn Gardens,Lahore,31.392183000000003,74.15821600000001
BOR - Board of Revenue Housing Society,Lahore,31.478452,74.296846
Afzal Park,Lahore,31.573847,74.427051
Naz Town,Lahore,31.404006,74.264342
Green Town,Lahore,31.434742,74.30472900000001
Bin Qasim Town,Karachi,24.836896,67.19578299999999
Clifton,Karachi,24.831143,67.026765
Gulberg Town,Karachi,24.918846130371,67.073608398438
Super Highway,Karachi,24.991426,67.169123
Azam Town,Karachi,24.845803524602,67.074338793755
Korangi,Karachi,24.83179,67.12489000000001
Delhi Colony,Karachi,24.831727,67.043931
Saima Luxury Homes,Karachi,24.859036,67.144243
Rufi Rose Petals,Karachi,24.9551,67.110865
Ali Pur,Islamabad,33.644278,73.173237
FECHS,Islamabad,33.572044,73.17508199999999
Shaheen Town,Islamabad,33.641746999999995,73.217908
Chak Shahzad,Islamabad,33.658353000000005,73.144054
H-13,Islamabad,33.637489,72.972193
G-14,Islamabad,33.641955,72.952859
National Police Foundation,Islamabad,33.700462,72.981226
Shah Allah Ditta,Islamabad,33.712988384938,72.921280860901
Islamabad Expressway,Islamabad,33.632166,73.11150699999999
Margalla Town,Islamabad,33.672515000000004,73.106276
Tarnol,Islamabad,33.611346000000005,72.857287
H-15,Islamabad,33.617012378796,72.937946431339
G-8,Islamabad,33.69106473174,73.053562045097
D-13,Islamabad,33.69453,72.929385
204 Chak Road,Faisalabad,31.404153000000004,73.13695899999999
Mansoorabad,Faisalabad,31.435657,73.11859799999999
Nemat Colony No 1,Faisalabad,31.411524,73.123183
Gulshan e Madina,Faisalabad,31.491669,73.07914
Gulistan Colony No 1,Faisalabad,31.441735,73.100789
Shalimar Park,Faisalabad,31.376022,73.091042
Eden Orchard,Faisalabad,31.484528000000005,73.085066
Eden Gardens,Faisalabad,31.424316,73.149465
Khayaban Colony,Faisalabad,31.427272,73.135886
Nisar Colony,Faisalabad,31.376585267942,73.06733250618
Nawaban Wala,Faisalabad,31.383794,73.06002600000001
Manawala,Faisalabad,31.460590000000003,73.139663
Others,Faisalabad,31.4187,73.0791
Nazimabad,Faisalabad,31.407751,73.069203
Shahbaz Town,Faisalabad,31.416689579295,73.040817193687
Kaleem Shaheed Colony No 1,Faisalabad,31.432764,73.039556
Garden Colony,Faisalabad,31.397495000000003,73.105595
Ali Garden,Faisalabad,31.381594,72.979866
Gulberg,Faisalabad,31.424598,73.061435
Kareem City,Faisalabad,31.476118,73.064514
Lasani Garden,Faisalabad,31.457771,73.071649
Gulzar-e-Quaid Housing Society,Rawalpindi,33.600376000000004,73.130983
Harley Street,Rawalpindi,33.576048,73.044317
Fazal Town,Rawalpindi,33.602968,73.11795500000001
Chakra,Rawalpindi,33.58932,72.979099
Muslim Town,Rawalpindi,33.623764651009004,73.094416111708
Qasimabad,Rawalpindi,33.614011726496,73.071913719177
Media Town,Rawalpindi,33.559241464442,73.133563958108
Palm City,Rawalpindi,33.583085,73.107189
Murree Road,Rawalpindi,33.657522,73.082898
Dhok Sayedan Road,Rawalpindi,33.587944907177,73.01358103752099
Dhoke Khabba,Rawalpindi,33.615274,73.07794200000001
Range Road,Rawalpindi,33.59859301251,73.018003463876
Dhok Paracha,Rawalpindi,33.640453,73.08409
DAV College Road,Rawalpindi,33.610207,73.060715
Lawrence Road,Lahore,31.554713,74.32539399999999
Jewa Town,Lahore,31.417283,74.289862
Ahbab Colony,Lahore,31.485479,74.250062
Shalimar Housing Scheme,Lahore,31.582612,74.416838
Shahkam Chowk,Lahore,31.405671429625,74.168527834117
Walled City,Lahore,31.582466,74.326029
Gulshan Park,Lahore,31.571340000000003,74.394071
Asif Colony,Lahore,31.596796,74.38580999999999
Outfall Road,Lahore,31.570661716738,74.285323619843
Bagarian,Lahore,31.425943,74.296
Jinnah Colony,Lahore,31.42489,74.363461
Sajid Garden,Lahore,31.58398,74.461377
Salamatpura,Lahore,31.582849,74.417009
Garhi Shahu,Lahore,31.56625,74.344125
Sham Nagar,Lahore,31.554692026089,74.298419170082
River View Coop Housing Society,Lahore,31.441296,74.24474000000001
Wahdat Colony,Lahore,31.515703,74.307303
Bahar Shah Road,Lahore,31.54532,74.40368000000001
Raiwind Road,Lahore,31.429249,74.230785
Ring Road,Lahore,31.595041,74.48095
Iqbal Avenue,Lahore,31.445799,74.27067
Rehan Garden,Lahore,31.346271999999995,74.3782
Abid Market,Lahore,31.553671,74.315586
Ittifaq Town,Lahore,31.49401,74.25717
Shalimar Town,Lahore,31.594824,74.386277
Al Hafeez Gardens,Lahore,31.590393,74.46781
Canal Bank Housing Scheme,Lahore,31.572433,74.413
Muslim Town,Lahore,31.519709,74.32281
Shershah Colony - Ichra,Lahore,31.536335,74.321308
Al-Hamd Garden,Lahore,31.614294,74.2485
Audit & Accounts Housing Society,Lahore,31.397055,74.26946
Beacon House Society,Lahore,31.361846923828,74.221229553223
Orangi Town,Karachi,24.950888,66.97420100000001
Jinnah Avenue,Karachi,24.896032457219,67.174240350723
Landhi,Karachi,24.845796222756,67.139983177185
Dalmia Cement Factory Road,Karachi,24.903908,67.102623
Sindh Industrial Trading Estate (SITE),Karachi,24.917615789401,66.99796691536899
Rashid Minhas Road,Karachi,24.895994,67.119191
Dastgir Colony,Karachi,24.925717,67.077208
Tariq Road,Karachi,24.871155,67.05957099999999
Meherban Colony,Islamabad,33.657421235961,73.160767257214
Zaraj Housing Scheme,Islamabad,33.512166,73.15135
Multi Residencia & Orchards,Islamabad,33.718725,72.70551800000001
Jhangi Syedan,Islamabad,33.624658000000004,72.943627
AGHOSH,Islamabad,33.564508000000004,73.153458
Khanna Pul,Islamabad,33.619440000000004,73.11041999999999
PAEC Employees Cooperative Housing Society,Islamabad,33.480561,73.205827
Taramrri,Islamabad,33.64192,73.165727
Peoples Colony No 1,Faisalabad,31.402562,73.110247
Gulshan-e-Hayat,Faisalabad,31.41578,73.045905
Zia Colony,Faisalabad,31.441479,73.142581
Sheikh Colony,Faisalabad,31.411157,73.044569
Jameel Town,Faisalabad,31.445323,73.059014
Green Town,Faisalabad,31.46328,73.097187
Khayaban Colony 2,Faisalabad,31.4276,73.13118
Canal Road,Faisalabad,31.431648,73.12188499999999
Gulfishan Colony,Faisalabad,31.404954887475,73.043979853392
Dhudi Wala,Faisalabad,31.403612,73.149891
Canal Park,Faisalabad,31.44488403543,73.144698143005
Shadman Colony,Faisalabad,31.402614068681,73.116577863693
Jhang Road,Faisalabad,31.40016,73.03095
Citi Housing Society,Faisalabad,31.532835222345,73.07627230882599
Chak 208 Road,Faisalabad,31.430292,73.148848
Airport Road,Rawalpindi,33.609596,73.1064
Gawal Mandi,Rawalpindi,33.605015,73.05891
Bostan Road,Rawalpindi,33.576262771976,73.101353645325
Morgah,Rawalpindi,33.544399,73.072507
Lalkurti,Rawalpindi,33.582028,73.058222
Mohammadi Colony,Rawalpindi,33.591045,73.02166
Tench Bhata,Rawalpindi,33.584665,73.035436
High Court Road,Rawalpindi,33.563238,73.102118
Islamabad Highway,Rawalpindi,33.591593574377,73.121607005596
Sangar Town,Rawalpindi,33.61267,73.11939
Khayaban-e-Tanveer,Rawalpindi,33.584545,73.09965
Sadiqa Abad,Rawalpindi,33.63238,73.080232
Samarzar Housing Society,Rawalpindi,33.527739000000004,73.044534
Sher Zaman Colony,Rawalpindi,33.601833343505994,73.07250213623
Khayaban-e-Quaid,Lahore,31.494064,74.245
Manawan,Lahore,31.590709000000004,74.47855
Bhagatpura,Lahore,31.599121612554,74.35315903276201
PCSIR Staff Colony,Lahore,31.431007,74.285574
P & D Housing Society,Lahore,31.423683,74.190931
Canal Burg,Lahore,31.475302000000003,74.244671
Azam Gardens,Lahore,31.487419,74.265132
Daroghewala,Lahore,31.590208,74.39635
Raj Garh,Lahore,31.55901,74.29830600000001
Tajpura,Lahore,31.557474,74.401431
Chohan Road,Lahore,31.565908,74.288956
Wassanpura,Lahore,31.589795,74.3365
Ghous Garden,Lahore,31.584607,74.48176600000001
Kacha Jail Road,Lahore,31.452423,74.34156999999999
Sanda,Lahore,31.559229,74.28832
Revenue Society,Lahore,31.447510974133,74.292651414871
Shera Kot,Lahore,31.540747,74.277511
New Shah Kamal Colony,Lahore,31.524878,74.31147
Birdwood Road,Lahore,31.546954,74.32336
Dogech,Lahore,31.548477,74.42206
Kacha Ferozepur Road,Lahore,31.542643,74.309937
Band Road,Lahore,31.537313,74.27892
Sultan Town,Lahore,31.460297,74.240441
New Chauburji Park,Lahore,31.550866390631,74.293963015079
Sheikhupura Road,Lahore,31.616523259584,74.26913380622901
Punjab Govt Servant Society,Lahore,31.404062,74.1632
Zaheer Villas,Lahore,31.416929,74.28738299999999
Bhogiwal Road,Lahore,31.585,74.36735999999999
Omega Homes,Lahore,31.612908594408,74.218472912908
Al Jalil Garden,Lahore,31.592658,74.215065
Gajju Matah,Lahore,31.391645210040004,74.363389983773
Naya Nazimabad,Karachi,24.969255,67.039855
Malir Link To Super Highway,Karachi,24.949734,67.182861
Abul Hassan Isphani Road,Karachi,24.941817,67.098056
Saddar Town,Karachi,24.860389,67.027795
Saadi Road,Karachi,24.94937,67.162125
University Road,Karachi,24.935829261012,67.137386798859
Manghopir Road,Karachi,25.008928459782,67.039368152618
E-18,Islamabad,33.63402089427,72.85747110843701
Golra Mor,Islamabad,33.625640000000004,72.96987
G-12,Islamabad,33.659496000000004,72.98101899999999
Shahpur,Islamabad,33.742738,73.214865
Spring Valley,Islamabad,33.727779551861,73.197789788246
Gulshan-e-Khudadad,Islamabad,33.626837,72.98273
PWD Road,Islamabad,33.569794,73.137016
Jhumra Road,Faisalabad,31.463324,73.131996
Amin Town,Faisalabad,31.442321000000003,73.128126
Ryaz ul Jannah,Faisalabad,31.477812,73.058962
Lalazar,Faisalabad,31.373468,73.129473
Suhail Abad,Faisalabad,31.404308,73.098986
D Type Colony,Faisalabad,31.380644,73.0805
Gulgasht Colony,Faisalabad,31.389349,73.104164
Ayub Colony,Rawalpindi,33.582626,73.10109
Chakra Road,Rawalpindi,33.589588,72.985815
Al-Haram City - Phase 2,Rawalpindi,33.500724269477,72.95842140913
Caltex Road,Rawalpindi,33.553583,73.068339
Amer Pura,Rawalpindi,33.623676429569,73.071009814739
Kartar Pura,Rawalpindi,33.622948,73.062325
Peer Meher Ali Shah Town,Rawalpindi,33.544952,72.997505
Safari View Residencia,Rawalpindi,33.57898,73.11293
Liaquat Colony,Rawalpindi,33.560965,73.018478
Army Officers Colony,Rawalpindi,33.538274,73.082598
Race Course,Rawalpindi,33.604415,73.035947
Kurri Road,Rawalpindi,33.634630831341,73.093535006046
Saidpur Road,Rawalpindi,33.644707000000004,73.06534
Kahuta,Rawalpindi,33.597749,73.38668299999999
Allama Iqbal Colony,Rawalpindi,33.588419,73.018459
KRL Road,Rawalpindi,33.616254337948,73.108488321304
Rizwan Garden Scheme,Lahore,31.584568,74.47377900000001
Peco Road,Lahore,31.465641,74.341121
Begampura,Lahore,31.580729,74.36182
Mohlanwal,Lahore,31.407449,74.140653
Shah Jamal,Lahore,31.525727000000003,74.32705899999999
Bahria Orchard,Lahore,31.317861,74.21814
Gul Kali,Lahore,31.564922,74.42827700000001
Eden Avenue Extension,Lahore,31.499481,74.418277
Rasool Park,Lahore,31.540874,74.310585
Habib Homes,Lahore,31.463074,74.321506
Lahore Canal Bank Cooperative Housing Society,Lahore,31.454132,74.22805600000001
Manga Mandi,Lahore,31.300536,74.070125
Khayaban-e-Amin,Lahore,31.376356,74.2637
Formanites Housing Scheme,Lahore,31.447703000000004,74.409313
New Muslim Town,Lahore,31.513708,74.315445
Sally Town South,Lahore,31.557084000000003,74.413786
Al-Kareem Premier Housing Scheme,Lahore,31.553473,74.40946600000001
Ittehad Colony,Lahore,31.527593,74.287705
Zaitoon - New Lahore City,Lahore,31.350233000000003,74.13699
Jaffar Town,Lahore,31.447703000000004,74.253495
Punjab Coop Housing Society,Lahore,31.458979,74.373566
Fazaia Housing Scheme,Lahore,31.367058499232,74.247515201569
Riwaz Garden,Lahore,31.559961,74.30317600000001
Anarkali,Lahore,31.57148,74.31013
Sodiwal,Lahore,31.534753,74.285189
Shiraz Villas,Lahore,31.493941,74.36320400000001
NFC 1,Lahore,31.418263,74.268087
Shah Faisal Road,Lahore,31.530828000000003,74.29431
Government Employees Cooperative Housing Society (GECHS),Lahore,31.465897482573,74.319205284119
Farooq Colony,Lahore,31.478049,74.361212
Ali Alam Garden,Lahore,31.586244,74.461219
National Highway,Karachi,24.862219,67.284222
Defence View Society,Karachi,24.840256,67.079061
Etawa Society,Karachi,25.0039,67.12267
D-12,Islamabad,33.697565000000004,72.944241
Al Huda Town,Islamabad,33.641419,73.197355
E-16,Islamabad,33.657246,72.88815
I-13,Islamabad,33.619087,72.99797099999999
Qutbal Town,Islamabad,33.628058,73.12750799999999
Alipur Farash,Islamabad,33.650690000000004,73.202934
C-18,Islamabad,33.668354,72.826567
Gatwala Chowk,Faisalabad,31.466749,73.19184200000001
Four Season Housing,Faisalabad,31.343191,73.06478
Valencia Gardens,Faisalabad,31.350448,73.059597
Allama Iqbal Colony,Faisalabad,31.386358,73.083158
Bakar Mandi Road,Faisalabad,31.41630331068,73.03860068321201
Nazimabad Villas,Faisalabad,31.40258,73.06144
Nighabanpura,Faisalabad,31.434668,73.10876400000001
Kashmir Road,Faisalabad,31.446369,73.127801
Ravi Gardens,Faisalabad,31.383831,73.13379
Jaranwala Road,Faisalabad,31.403427,73.138339
Green View Colony,Faisalabad,31.445021,73.071737
Air Avenue City,Faisalabad,31.391487,72.995389
Latif Garden,Faisalabad,31.475466831044,73.164352029562
Faisal Gardens,Faisalabad,31.463152,73.173137
Al Noor Garden,Faisalabad,31.421522,73.139779
Dhanola,Faisalabad,31.510399,73.10851
Aslam Shaheed Road,Rawalpindi,33.570273612139,73.04652929306
Quaid-e-Azam Colony,Rawalpindi,33.564463,73.021138
Allahabad Road,Rawalpindi,33.614262,73.007731
Rawat,Rawalpindi,33.478927731863,73.204747438431
Cricket Stadium Road,Rawalpindi,33.681293,73.08114599999999
Sarafa Bazar,Rawalpindi,33.617090000000005,73.05976
Defence Road,Rawalpindi,33.536816067733,73.101267814636
Banaras Colony,Rawalpindi,33.591484,73.102738
Wazir Town,Rawalpindi,33.595514,73.11675699999999
Asghar Mall Road,Rawalpindi,33.627636254825,73.06057333946201
Dhoke Munshi Khan,Rawalpindi,33.639383,73.07736
Awan Town,Rawalpindi,33.621909748311,72.98872232437101
Nussah Town,Rawalpindi,33.621409,73.109972
Al-Falah Cooperative Housing Society,Lahore,31.398386,74.494251
Allama Iqbal Intl Airport,Lahore,31.521482,74.4068
TECH Society,Lahore,31.484967,74.28000899999999
Lahore Press Club Housing Scheme,Lahore,31.577696814483,74.449734985828
Peer Colony,Lahore,31.483795,74.3649
Jora Pull,Lahore,31.548706365858003,74.404091835022
Krishan Nagar,Lahore,31.56742,74.29189699999999
Royal Garden,Lahore,31.573791,74.45408
Super Town,Lahore,31.492578,74.373529
Bait-ul-Raza Colony,Lahore,31.530263,74.28843499999999
Hamza Town,Lahore,31.412439000000003,74.355361
Real Cottages,Lahore,31.488004,74.408813
Main Canal Bank Road,Lahore,31.394581,74.286245
Garrison Homes,Lahore,31.555603,74.41925
Makkah Colony,Lahore,31.499751,74.355125
Pak Park,Lahore,31.505956167403003,74.24393445253399
Nabi Pura,Lahore,31.569904,74.39615
Ali Town,Lahore,31.463563,74.245571
Wahdat Road,Lahore,31.506008,74.29315600000001
Aisha Manzil,Karachi,24.927498,67.064165
Abid Town,Karachi,24.924261,67.082495
Karachi Motorway,Karachi,24.991279,67.174987
Surti Muslim Co-Operative Housing Society,Karachi,24.910215377808,67.198532104492
Bilal Town,Karachi,24.876259,67.17116700000001
Naval Housing Scheme,Karachi,24.838338851929,67.05574798584
Royal City,Islamabad,33.646113,73.236695
Airport Enclave,Islamabad,33.598178000000004,72.85235899999999
Islamabad - Murree Expressway,Islamabad,33.78817153559,73.268036842346
IJP Road,Islamabad,33.635399,73.03257099999999
Iqbal Town,Islamabad,33.647564,73.104529
Madina Town,Islamabad,33.583344,73.151583
Khurianwala,Faisalabad,31.48564362765,73.265290260315
Shadab Colony,Faisalabad,31.405590000000004,73.03594
New Garden Town,Faisalabad,31.392599684437,73.10763135552399
Rehmania Town,Faisalabad,31.407885,73.06531
Chenab Gardens,Faisalabad,31.346967,73.07770699999999
Sir Syed Town,Faisalabad,31.405004,73.07795
Dhoke Hassu,Rawalpindi,33.049786,73.120357
Wah Link Road,Rawalpindi,33.742691,72.731802
Dhoke Gangal,Rawalpindi,33.499095000000004,72.980756
Dhok Gujran,Rawalpindi,33.599194,72.99088
Gulshan-e-Saeed,Rawalpindi,33.553055,73.00927
Punjab University Employees Society,Lahore,31.426905,74.24054100000001
Ahmad Avenue,Lahore,31.44525,74.292762
Sufiabad,Lahore,31.424855,74.36697
Judicial Colony,Lahore,31.463041,74.25386999999999
Al Noor Town,Lahore,31.475706524029004,74.358226228505
Gosha-e-Ahbab,Lahore,31.484161,74.27757700000001
Lahore Cantt Coop Housing,Lahore,31.48493,74.39803
Walton Railway Officers Colony,Lahore,31.488232826986,74.355857670307
Faiz Bagh,Lahore,31.583141,74.33332
Al Jannat Housing Scheme,Lahore,31.431347,74.22012
Manzoor Colony,Lahore,31.564183,74.421104
Jaffaria Colony,Lahore,31.538164,74.28054
Lahore Garden Housing Scheme,Lahore,31.590554,74.208219
Jallo,Lahore,31.595726000000003,74.50145
Gulfishan Colony,Lahore,31.546692,74.29316999999999
Saggian Wala Bypass Road,Lahore,31.598822,74.253586
Gul-e-Damin,Lahore,31.426686,74.284644
PASSCO Housing Society,Lahore,31.463041,74.25386999999999
Jamshed Road,Karachi,24.88084,67.04170500000001
Hawks Bay Scheme 42,Karachi,24.897606,66.84204
Cotton Export Cooperative Housing Society,Karachi,24.999456,67.128635
Peoples Colony,Karachi,24.945035,67.065446
Lyari Expressway,Karachi,24.894222,67.04565500000001
Wapda Town,Islamabad,33.65851351888,72.813220024109
G-6,Islamabad,33.720592,73.089466
Rawal Town,Islamabad,33.686032,73.11726800000001
Umer Garden,Faisalabad,31.40925,73.12444
Gulistan Colony No 2,Faisalabad,31.447154,73.09375
Quaid-e-Azam Park,Faisalabad,31.40945,73.06291800000001
Tariqabad,Faisalabad,31.428480020999,73.106642961502
Daniyal Town,Faisalabad,31.377251,73.116134
Gobind Pura,Faisalabad,31.425064000000003,73.06416
Steam Power Station Colony,Faisalabad,31.451071,73.14361099999999
Zeeshan Colony,Rawalpindi,33.589542,73.02362
Rail View Housing Society,Rawalpindi,33.596886,73.11965699999999
Faisal Colony,Rawalpindi,33.579624,73.038372
Tipu Road,Rawalpindi,33.642242,73.10398
Kacheri Chowk,Rawalpindi,33.585584000000004,73.06748
Askari 9,Rawalpindi,33.605340000000005,73.097802
Badar Colony,Rawalpindi,33.636856,73.038925
Chaklala,Rawalpindi,33.597539000000005,73.08816999999999
Bostan Valley,Rawalpindi,33.565684999999995,73.101524
Ranial,Rawalpindi,33.54107,72.979485
Sheraz Town,Lahore,31.4263,74.28958
Sher Shah Road,Lahore,31.593868,74.357405
Mohlanwal Road,Lahore,31.422634,74.172873
Zubaida Park,Lahore,31.532236,74.290825
Shadman 2,Lahore,31.535451,74.337407
Clifton Colony,Lahore,31.520825,74.302425
Al-Hamd Park,Lahore,31.501251,74.257576
Temple Road,Lahore,31.555655,74.3163
Rehman City - Phase 4,Lahore,31.579365000000003,74.25831
Nai Abadi Harbanspura,Lahore,31.572523,74.42092
Education Town,Lahore,31.494335,74.26878
Khokhar Town,Lahore,31.583992,74.287735
Sarwar Town,Lahore,31.506764,74.246554
Abdali Road,Lahore,31.568747,74.29299
Kalma Chowk,Lahore,31.504331,74.331499
Rustam Park,Lahore,31.544218,74.292496
Kotli Abdur Rahman,Lahore,31.578097,74.391603
Grand Avenues Housing Scheme,Lahore,31.33795,74.38132399999999
Chaudhary Park,Lahore,31.583325,74.292855
Korangi Road,Karachi,24.844366,67.146878
Green Avenue,Islamabad,33.668941,73.151413
Frash Town,Islamabad,33.652051,73.203666
Swan Garden,Islamabad,33.564785,73.157001
Thalian,Islamabad,33.545604,72.917286
Karim Town,Faisalabad,31.386175,73.102723
Sitara Colony,Faisalabad,31.372253000000004,73.03658
Satellite Town,Faisalabad,31.369541,73.06611
Raja Colony,Faisalabad,31.427748,73.05451
Officers Colony,Faisalabad,31.429589,73.142782
Raheem Gardens,Faisalabad,31.372619,73.057237
Madan Pura,Faisalabad,31.433268,73.051089
Lahore - Sheikhupura - Faisalabad Road,Faisalabad,31.463321,73.161076
Gulshan-e-Shamal,Rawalpindi,33.508088,73.04430699999999
Tali Mori,Rawalpindi,33.571525112715,73.043224811554
Ahmad Abad,Rawalpindi,33.570787,73.02381899999999
Dhoke Syedan,Rawalpindi,33.526416,72.644958
Chaudhary Wilayat Khan Road,Rawalpindi,33.577387648507,73.10281343758099
Walait Homes,Rawalpindi,33.600327,73.09151700000001
Eastridge Housing Scheme,Rawalpindi,33.558435,73.099774
Kharak,Lahore,31.507215,74.264848
Canal Fort II,Lahore,31.585176,74.499197
AR Cottages,Lahore,31.495734,74.426671
Fateh Villas,Lahore,31.422382,74.33652
Combo Colony,Lahore,31.528983,74.306331
Hakim Town,Lahore,31.418274,74.29392
Rajgarh Road,Lahore,31.559832,74.301233
Qazi Town,Lahore,31.59495,74.470518
Habibullah Road,Lahore,31.558617,74.343785
Hanif Park Harbanspura,Lahore,31.571397,74.430341
Sanda Road,Lahore,31.56211,74.303696
Mustafa Abad,Lahore,31.257849,74.42025
Siddiqia Colony,Lahore,31.60337,74.33013299999999
China Scheme,Lahore,31.592464,74.366198
Bankers Co-operative Housing Society,Lahore,31.448756,74.394994
Waris Colony,Lahore,31.495469,74.26650500000001
Bahar Colony,Lahore,31.470740000000003,74.34020600000001
Sami Town,Lahore,31.567120000000003,74.413107
UET Housing Society,Lahore,31.40874,74.27623299999999
Alia Town,Lahore,31.60557,74.380595
Waris Road,Lahore,31.548423,74.319806
Dholanwal,Lahore,31.530462,74.28245
Chauburji Park Road,Lahore,31.552428000000003,74.29950699999999
Scheme 45,Karachi,25.075674360106,67.10577964782699
Kashmir Road,Karachi,24.8801565,67.04397510000001
Falaknaz Presidency,Karachi,24.927051,67.173994
Naval Colony,Karachi,24.941298,66.93869000000001
New Shakrial,Islamabad,33.64042,73.11095
Sihala,Islamabad,33.545091,73.196883
Thanda Pani,Islamabad,33.647626907557004,73.223201036453
Koral Chowk,Islamabad,33.604816,73.13029
PECHS,Islamabad,33.586684000000005,72.826599
Riaz ul Jannah,Faisalabad,31.476680755615,73.063026428223
Millat Road,Faisalabad,31.452515,73.09865
Samanabad,Faisalabad,31.389912,73.068855
Nishatabad,Faisalabad,31.45173,73.11709
Canal Garden,Faisalabad,31.459646000000003,73.172035
Ali Housing Colony,Faisalabad,31.408369287648,73.035956025124
Khawaja Islam Road,Faisalabad,31.402765,73.11579499999999
Ahmadabad,Faisalabad,31.446532,73.115973
Jhang Bazar,Faisalabad,31.416576,73.076872
Nemat Colony No 2,Faisalabad,31.410645,73.12688
Kaleem Shaheed Colony No 2,Faisalabad,31.435291,73.02667
Liaquat Town,Faisalabad,31.414637,73.04911899999999
Babuwala,Faisalabad,31.403584742924,73.019288778305
Chah Sultan,Rawalpindi,33.624,73.07522900000001
Mangral Town,Rawalpindi,33.614426077927,73.120240084827
Amarpura,Rawalpindi,33.622471999999995,73.071652
Shakrial,Rawalpindi,33.633452,73.09963
Magistrate Colony,Rawalpindi,33.63434498494001,73.080797195435
Pindora,Rawalpindi,33.643517,73.07052
Dheri Hassanabad,Rawalpindi,33.573544,73.05114
GT Road,Rawalpindi,33.495074,73.196914
New Afzal Town,Rawalpindi,33.590349,73.106135
Asim Town,Lahore,31.57252,74.442116
Chinar Bagh,Lahore,31.319401,74.250741
Islam Nagar,Lahore,31.493155,74.370301
Abdul Sattar Edhi Road,Lahore,31.455089325279,74.236861467361
Heaven Homes,Lahore,31.429278013395,74.244289397975
Kot Khawaja Saeed,Lahore,31.591111,74.354525
Kachupura,Lahore,31.58263,74.33794499999999
Hajvery Housing Scheme,Lahore,31.573161,74.448981
Makki Complex,Lahore,31.452937,74.352108
Ameer-ud-Din Park,Lahore,31.553707,74.40623000000001
Manga - Raiwind Road,Lahore,31.256298,74.21428
Millat Colony,Lahore,31.528256,74.358815
Youhanabad,Lahore,31.411377,74.36525300000001
Kahna Kacha,Lahore,31.367271,74.349266
Cantt View Society,Lahore,31.483982720787,74.41556811354499
Baloch Colony,Karachi,24.867372,67.08259100000001
Mehmoodabad,Karachi,24.853864,67.075562
Khuda Ki Basti,Karachi,25.03256,67.09482
Lines Area,Karachi,24.866179,67.03944
Gizri,Karachi,24.820393,67.0468
Golimar,Karachi,24.89103,67.006905
Tipu Sultan Road,Karachi,24.87612,67.08533
Blue Area,Islamabad,33.713845,73.06097
PAF Tarnol,Islamabad,33.605559,72.846068
Motorway Chowk,Islamabad,33.631691,72.938467
Makkah Garden,Faisalabad,31.508298,73.067842
Al Najaf Colony,Faisalabad,31.40288,73.122153
Kareem Garden,Faisalabad,31.362637,73.14265999999999
Ismail Green Valley,Faisalabad,31.496821,73.113337
Canal Expressway,Faisalabad,31.455928000000004,73.175679
Dhamyal Road,Rawalpindi,33.556438852629,73.024669289589
Chanman Abad,Rawalpindi,33.587435,73.012751
Bakra Mandi,Rawalpindi,33.5725,73.038765
Jumma Market,Rawalpindi,33.652557,73.067955
Transformer Chowk,Rawalpindi,33.633743978622,73.089008107781
Commercial Market,Rawalpindi,33.586109,73.088359
Kalma Chowk,Rawalpindi,33.57258,73.03872
PAF Housing Scheme,Karachi,24.953678,67.18115999999999
KDA Scheme 1,Karachi,24.879856,67.09054
Partab Nagar,Faisalabad,31.410645,73.061554
Johar Colony,Faisalabad,31.457626,73.106445
Waris Pura,Faisalabad,31.381486,73.096232
Dhandharan Chak 66 JB,Faisalabad,31.390352000000004,72.96848100000001
Fazaia Colony,Rawalpindi,33.618783,73.115083
Air Force Housing Society,Rawalpindi,33.622267,73.100574
Lahore - Jaranwala Road,Lahore,31.561062,74.182079
Imran Road,Faisalabad,31.429021,73.130914
Nawaz Colony,Rawalpindi,33.594686,73.125371
Al Haram Garden,Lahore,31.321891,74.36551899999999
Ghaziabad,Rawalpindi,33.574537,73.023752
Bahar Colony,Rawalpindi,33.561291,73.01735
Shadman 1,Lahore,31.537359,74.33070699999999
Lalarukh Colony,Rawalpindi,33.559778,73.01330899999999
Lahore - Islamabad Motorway,Lahore,31.613544300000004,74.2114715
Civil Lines,Karachi,24.84567,67.030077
Park Road,Islamabad,33.66789,73.149333
Tariq Ismail Road,Lahore,31.429436,74.24382
Malir Housing Scheme 1,Karachi,24.887538,67.427639
Khayaban Gardens,Faisalabad,31.473328,73.089108
Saeed Colony,Faisalabad,31.429304,73.12456999999999
Gulbahar Colony,Lahore,31.500117,74.359753
Muslimabad Society,Karachi,24.879255,67.049402
Chaudhary Colony,Lahore,31.529861,74.303155
Prime Homes 1,Lahore,31.427708000000003,74.24672199999999
Nayyab Villas,Lahore,31.490163,74.385595
Royal Residencia,Lahore,31.395979,74.313149
Amir Khusro,Karachi,24.880714,67.080477
Ali View Garden,Lahore,31.489322,74.40684399999999
Abdullah Garden,Islamabad,33.634773754186,72.98415184021
Green City,Lahore,31.521922,74.462242
Saman Berg,Lahore,31.472548,74.30147
Green Park,Lahore,31.503763,74.243489
River Garden,Islamabad,33.551697,73.16601999999999
Mohan Pura,Rawalpindi,33.609223,73.051007
Madina Homes,Lahore,31.425357,74.362532
Race Course Road,Lahore,31.549223,74.33247
Atari Saroba,Lahore,31.429122,74.369925
Fateh Jang Road,Islamabad,33.423207,72.711861
Mumtaz City,Islamabad,33.589205,72.86063399999999
Rabbani Colony,Faisalabad,31.389471,73.10661999999999
Punjab Govt. Servants Housing Foundation,Faisalabad,31.367585,73.13717700000001
Taj Residencia,Rawalpindi,33.588334,72.96737900000001
Jhanda Chichi,Rawalpindi,33.590813804824,73.07496070861801
Dhok Kala Khan,Rawalpindi,33.653209000000004,73.089802
Friends Colony,Rawalpindi,33.603504,72.997584
Pir Wadhai,Rawalpindi,33.632022,73.03920500000001
Nazir Garden Society,Lahore,31.578024,74.467807
Hanjarwal,Lahore,31.486823,74.255145
Gujjarpura,Lahore,31.549770355225,74.427268981934
Altaf Colony,Lahore,31.55346,74.42452
Angoori Bagh,Lahore,31.58263,74.384136
Chur Chowk,Rawalpindi,33.608937,73.010579
Dhok Mangtal,Rawalpindi,33.621802540191,73.04135799408002
Gulistan Fatima Colony,Rawalpindi,33.547453999999995,73.003426
Clifton Township,Rawalpindi,33.527079,73.06450799999999
New Katarian,Rawalpindi,33.645742,73.059804
Yousaf Colony,Rawalpindi,33.580696,73.1015
Ravi Road,Lahore,31.594077,74.30269799999999
Gulbahar Park,Lahore,31.453707,74.228239
HBFC Housing Society,Lahore,31.455684,74.406953
Mushtaq Park - Phase 3,Lahore,31.582484,74.38897800000001
Saqib Town,Lahore,31.474636,74.424378
Mohni Road,Lahore,31.582782,74.302586
Gulshan-e-Jami,Karachi,24.911917000000003,67.19946999999999
Sarai Kharbuza,Islamabad,33.680988,72.905316
Royal Avenue,Islamabad,33.657540999999995,73.16125799999999
Rasool Park,Faisalabad,31.418482,73.13314
Sabzazar,Rawalpindi,33.578663,73.055352
Wapda Colony,Lahore,31.538237,74.358001
Al Hamad Colony,Lahore,31.570214,74.28147299999999
Wafaqi Colony,Lahore,31.476585,74.27435200000001
Rana Town,Lahore,31.685596000000004,74.2717
Rehmanpura (Harbanspura),Lahore,31.576197,74.457871
Ghalib Colony,Lahore,31.529458,74.299936
Public Health Society,Lahore,31.41742,74.21655200000001
Bhogiwal,Lahore,31.585937,74.360069
Shah Khawar Town,Lahore,31.483173,74.41254599999999
Gulshan-e-Ahbab,Lahore,31.492908,74.259142
APP Employees Co-operative Housing Society,Karachi,24.928572,67.157725
Shadman 2,Karachi,24.960194,67.061964
Shah Rasool Colony,Karachi,24.810966,67.03483299999999
Marwa Town,Islamabad,33.629020000000004,73.152889
Mahmoodabad,Faisalabad,31.4313,73.103356
Shams Abad,Rawalpindi,33.651485,73.08069
Gulshan-e-Safeer,Rawalpindi,33.620141,72.994683
Ashraf Colony,Rawalpindi,33.558562,73.026545
Ideal Homes Society,Rawalpindi,33.596446,73.12485
Chaudhary Jan Colony,Rawalpindi,33.582037,73.099496
Hakim Muhammad Ajmal Khan Road,Rawalpindi,33.614271,73.059391
DHA City,Lahore,31.4499,74.210572
NFC 2,Lahore,31.36366,74.155076
Jail Road,Lahore,31.539334000000004,74.335799
Adan Villas,Lahore,31.578747,74.46552
H-11,Islamabad,33.648278999999995,73.008513
Chak 208 RB Dogranwala,Faisalabad,31.425148,73.161879
Younas Town,Faisalabad,31.382585,73.123012
Nanak Pura,Rawalpindi,33.611027,73.053435
Cantt,Rawalpindi,33.597253,73.043993
Nain Sukh,Lahore,31.602584000000004,74.24651899999999
Rajpoot Town,Lahore,31.450339000000003,74.214363
Ilahi Abad,Faisalabad,31.378887,73.10736999999999
Gulberg Valley,Faisalabad,31.40758,73.155067
Al Rehmat Villas,Faisalabad,31.410484000000004,73.151891
Amir Town,Faisalabad,31.459133,73.18245999999999
Kamala Abad,Rawalpindi,33.573506,73.03139499999999
Dubai Town,Lahore,31.414161,74.231944
UMT Society,Lahore,31.452572,74.293304
Shah Kamal Road,Lahore,31.526069641113,74.30744934082
McLeod Road,Lahore,31.569249,74.328082
Guldasht Town,Lahore,31.545515,74.421387
Sahafi Colony,Lahore,31.577371000000003,74.446327
Gulshan-e-Yaseen Housing Society,Lahore,31.608854,74.46042
Saroba Gardens Housing Society,Lahore,31.434094,74.353151
Kamran Chowrangi,Karachi,24.923841,67.137812
Shahra-e-Usman,Karachi,25.014626,67.063959
Faisal Town - F-18,Islamabad,33.616692,72.85899599999999
Civil Lines,Faisalabad,31.440088,73.08448100000001
Mediacom Avenue,Faisalabad,31.435489,73.14030699999999
People Colony,Rawalpindi,33.593326,73.028933
Railway Scheme 9,Rawalpindi,33.596059999999994,73.127045
City Villas,Rawalpindi,33.560433,73.09758000000001
Bilal Colony,Rawalpindi,33.646551,73.086988
Ayub National Park,Rawalpindi,33.567074,73.08319
Al-Wahab Garden - Phase 1,Lahore,31.625415000000004,74.223201
Green Park Society,Lahore,31.488165,74.41930699999999
Azadi Chowk,Lahore,31.591979,74.30533199999999
Mominpura Road,Lahore,31.598287,74.413291
Sunflower Housing Society,Lahore,31.471406,74.253759
Kemari Town,Karachi,24.816965,66.983271
Pakistan Chowk,Karachi,24.854217,67.012351
Khalid Bin Walid Road,Karachi,24.874922,67.05731999999999
Al-Manzar Society,Karachi,25.009434,67.12895300000001
Partal Town,Islamabad,33.640991,73.20405
Police Foundation Housing Society,Islamabad,33.474215,73.198686
Atomic Energy Employee Society,Islamabad,33.480422,73.201904
University Town,Faisalabad,31.496897,73.080618
Ismail Valley,Faisalabad,31.492433,73.05834499999999
Jinnah Colony,Faisalabad,31.420424,73.068065
Hajveeri Town,Faisalabad,31.436719,73.095975
Ghauri Town,Rawalpindi,33.622767,73.127074
Stadium Road,Rawalpindi,33.652690826699,73.076012134552
Committee Chowk,Rawalpindi,33.613076543351,73.065555095454
Liaquat Bagh,Rawalpindi,33.606163,73.06451
Elite Town,Lahore,31.341396000000003,74.375024
Al Fajar Society,Lahore,31.315039,74.37325200000001
Gulshan Colony,Lahore,31.471644,74.351084
Canalberg Housing Society,Lahore,31.476915,74.246936
LDA City,Lahore,31.375476000000003,74.30259699999999
Malik Park,Lahore,31.577512,74.292684
Kashmir Colony,Karachi,24.837672,67.076549
Sohan Valley,Islamabad,33.649494,73.104401
9th Avenue,Islamabad,33.687809,73.045263
Ali Town,Faisalabad,31.400535583496,73.139236450195
Khanna Road,Rawalpindi,33.628433,73.102067
PIA Colony,Rawalpindi,33.603452000000004,73.011125
Rifle Range Road,Lahore,31.489277,74.376471
Lahore - Kasur Road,Lahore,31.40694,74.360382
Dubban Pura,Lahore,31.511833379005,74.260233230889
Pine Villas,Lahore,31.43654,74.192546
PTV Society,Karachi,25.008386,67.118107
MT Khan Road,Karachi,24.845752,67.022147
C-19,Islamabad,33.658424,72.81313399999999
Park View City,Islamabad,33.720586,73.22200600000001
Pindorian,Islamabad,33.64595,73.117622
Tezab Mill Road,Faisalabad,31.412036,73.126159
Gulshan-e-Ali Housing Scheme,Faisalabad,31.365319,73.13608
Punjab Government Servant Housing Foundation (PGSHF),Rawalpindi,33.517469,73.046617
Sherwani Town Housing Scheme,Lahore,31.426172,74.34241999999999
Airline Housing Society,Lahore,31.443218,74.26639399999999
Chah Miran,Lahore,31.590088,74.345241
Mian Amiruddin Park,Lahore,31.553758,74.405465
Ferozepur City,Lahore,31.308609000000004,74.394432
Shahpur Kanjra,Lahore,31.463225,74.201696
Sue-e-Asal,Lahore,31.308767,74.39537
Diamond City,Karachi,24.874796,67.017519
DHA City Karachi,Karachi,24.998466,67.462786
Gulberg,Islamabad,33.597873,73.216817
Phulgran,Islamabad,33.733441,73.20444599999999
Jagiot Road,Islamabad,33.676393,73.21459499999999
Farooqabad,Faisalabad,31.43086,73.118033
Tench Road,Rawalpindi,33.581932,73.03632900000001
Mohallah Raja Sultan,Rawalpindi,33.638718,73.05633900000001
Nadeem Shaheed Road,Lahore,31.522990000000004,74.29809300000001
Railway Officers Colony,Lahore,31.486266,74.356027
Liaquatabad,Lahore,31.563727,74.30259699999999
Batapur,Lahore,31.593122,74.493004
Sunfort Gardens,Lahore,31.446239,74.252808
Gawalmandi,Lahore,31.573197,74.325428
Montgomery Road,Lahore,31.567128000000004,74.327763
D-18,Islamabad,33.653316,72.839949
Islamia Park,Faisalabad,31.436792,73.099751
Farooq-e-Azam Road,Rawalpindi,33.646747761918995,73.08989846693301
Chandni Chowk,Rawalpindi,33.63154,73.07256600000001
Jalal Colony,Lahore,31.56742,74.43126
Shama Road,Lahore,31.540855,74.314871
Davis Road,Lahore,31.55667,74.339926
G-7,Islamabad,33.706063,73.06264399999999
Shehzad Town,Islamabad,33.671872,73.14027800000001
Sahianwala,Faisalabad,31.639098,73.23458199999999
Ameen Town,Rawalpindi,33.642884,73.051608
Kallar Syedan,Rawalpindi,33.415252,73.377829
Dhok Mustaqeem Road,Rawalpindi,33.611903000000005,72.98702800000001
Excise & Taxation Housing Scheme,Lahore,31.455721,74.236336
Sui Gas Employees Cooperative Housing Society,Lahore,31.421172,74.176819
Venus Housing Scheme,Lahore,31.435547,74.34876
Supreme Villas,Lahore,31.401094,74.36339699999999
Civil Defence,Lahore,31.490915,74.387413
Umair Town,Faisalabad,31.484295,73.076408
Defence Fort Housing Scheme,Faisalabad,31.35766,73.066266
Afghanabad,Faisalabad,31.419691,73.056715
New Canal Park,Lahore,31.567377,74.415584
Javed Colony - Ghazi Road,Lahore,31.461066,74.363873
Faisal Ghuman Road,Lahore,31.49632,74.382237
Nasirabad,Lahore,31.454915000000003,74.254189
Haji Park Housing Scheme,Lahore,31.415379,74.341435
Rehman Gardens,Lahore,31.486851,74.408146
Sitara Sapna City,Faisalabad,31.461569,73.063812
Murababad,Faisalabad,31.449936,73.036973
Chak Bahga,Faisalabad,31.481746,73.172364
Rawat Enclave,Rawalpindi,33.493769,73.202927
Imam Bara Road,Rawalpindi,33.623938,73.058936
Ghousia Colony,Rawalpindi,33.650351,73.063556
Singhpura,Lahore,31.582118,74.36491
Yazdani Road,Lahore,31.555641,74.42161800000001
Bahadurabad,Lahore,31.45156,74.377321
Acro Green - Bankers Avenue,Lahore,31.437103000000004,74.482945
Siraj-ud-Daula Road,Karachi,24.879682,67.068985
City Garden,Islamabad,33.519143,72.769285
Gulshan Colony,Faisalabad,31.431858,73.054833
Madina Gardens,Faisalabad,31.365301,73.138832
Faisal Town,Faisalabad,31.458576,73.16035500000001
Judicial Employees Coop Housing Society,Faisalabad,31.488279,73.211578
Zafar ul Haq Road,Rawalpindi,33.617459999999994,73.073427
Shah Khalid Colony,Rawalpindi,33.603968,73.113964
Holy Family Road,Rawalpindi,33.63442,73.059167
Nizamabad,Lahore,31.554802,74.40044499999999
Sitara Colony,Lahore,31.448435,74.35632700000001
Sunderdas Road,Lahore,31.554329,74.34699
Hub River Road,Karachi,24.92909,66.942561
PTV Colony,Islamabad,33.740507,73.196239
Zone 5,Islamabad,33.574998,73.315366
Raheemabad,Rawalpindi,33.599976,73.078259
Mumtaz Colony,Rawalpindi,33.560583,73.058993
TIP Housing Society,Lahore,31.384746000000003,74.261613
Malipura,Lahore,31.583763,74.299972
Abu Alkhair Road,Lahore,31.617241,74.243483
Shah Town,Karachi,24.852831,67.333047
F-15,Islamabad,33.646493,72.919521
Tumair,Islamabad,33.673918,73.287952
7th Avenue,Islamabad,33.718646,73.070927
Illahi Abad,Faisalabad,31.378481,73.108163
Sitara Valley,Faisalabad,31.467252,73.17525
Bilal Nagar,Faisalabad,31.469658000000003,73.105807
Iqbal Town,Faisalabad,31.447996000000003,73.058072
Haji Abad,Faisalabad,31.495707,73.335301
Azizabad,Rawalpindi,33.586559295654,73.02948760986301
Munawar Colony,Rawalpindi,33.55048,73.059787
Asif Town,Lahore,31.407778000000004,74.349064
Old Ravians Co-Operative Housing Society,Karachi,24.93886,67.14528299999999
Golra Road,Islamabad,33.677901,72.956535
Dhoke Dalal Road,Rawalpindi,33.638847,73.04809
PAF Society,Lahore,31.354223,74.237537
Firdous Colony,Lahore,31.544817,74.28054300000001
Samsani Road,Lahore,31.484997460282003,74.259339720011
Gulfishan Town,Lahore,31.63473,74.212122
Aitchison Society,Lahore,31.458925828851,74.255285114541
Sharaqpur Road,Lahore,31.485627,74.121572
Police Society,Karachi,24.963835,67.17929000000001
G-16,Islamabad,33.623158000000004,72.917804
D Ground,Faisalabad,31.406213,73.10726899999999
Infantry Road,Lahore,31.554037,74.366615
Aabpara Coop Housing Society,Lahore,31.443685,74.205662
Sozo Town,Lahore,31.585078000000003,74.484757
"Lahore, Punjab",Lahore,31.545771394936,74.341328144074
Ameen Park,Lahore,31.586834000000003,74.29482900000001
Mian Mir Colony,Lahore,31.543577000000003,74.36101
Judicial Town,Islamabad,33.796411,73.249746
Munianwala,Faisalabad,31.481746,73.196139
Chakbeli Road,Rawalpindi,33.443863919254,73.170178028483
Munir Garden,Lahore,31.488037109375,74.23320770263699
Gulshan-e-Millat,Karachi,24.861197,67.154875
Kuri Model Town,Islamabad,33.681952,73.18413699999999
Vista Homes,Faisalabad,31.469186,73.095636
Janjua Town,Rawalpindi,33.544556,73.056127
Khurram Colony,Rawalpindi,33.625787,73.09369000000001
Ghausia Colony,Lahore,31.572434,74.413002
Stadium Road,Karachi,24.86613,67.336715
NIH Colony,Islamabad,33.679961,73.147874
Athal,Islamabad,33.730882,73.231434
Akbar Chowk,Faisalabad,31.43963,73.104997
Immad Garden Housing Scheme,Lahore,31.358657,74.3778
Aiza Garden,Islamabad,33.550364,73.150396
Chak Jhumra,Faisalabad,31.570492,73.18386600000001
Siddiqia Mill Colony,Faisalabad,31.390424728394,73.09014129638699
Momin Pura,Rawalpindi,33.608472,73.049548
IBL Housing Scheme,Lahore,31.579778000000005,74.489665
Chibban,Faisalabad,31.434888,73.10266999999999
Rehmanabad,Rawalpindi,33.636516,73.075168
Aria Mohalla,Rawalpindi,33.608375,73.066684
Khayaban-e-Zohra,Lahore,31.444651,74.281611
Expo Avenue Society,Lahore,31.456732,74.258442
Qilla Gujjar Singh,Lahore,31.568590000000004,74.33092099999999
Gulshan-e-Areesha,Karachi,24.940345,67.146684
Maskan Chowrangi,Karachi,24.934847,67.105248
Raja Akhtar Road,Islamabad,33.7464519,73.2009628
Islamabad Colony,Lahore,31.528186,74.29769300000001
Hall Road,Lahore,31.564477,74.31864399999999
Jamal Homes,Lahore,31.427578000000004,74.246667
Suparco Road,Karachi,24.95212,67.127083
Raza Garden,Faisalabad,31.451813,73.1619
Madina Town,Lahore,31.56982,74.425133
Queens Road,Lahore,31.554327,74.320435
Gulshan Rehman,Faisalabad,31.386574,73.117722
Kehkishan Colony No 1,Faisalabad,31.402367,73.134513
Defence Colony,Rawalpindi,33.623169,73.10883199999999
Eden Park,Lahore,31.374046000000003,74.2138
Qasurpura,Lahore,31.5959,74.299164
Ibrahim Colony,Lahore,31.555818557739,74.43190002441399
Rang Mahal,Lahore,31.583215000000003,74.318558
Hassan Goth,Karachi,25.028795,67.092118
Amil Colony,Karachi,24.884539,67.026494
Kehkishan Colony No 2,Faisalabad,31.405151,73.136315
Model Town,Faisalabad,31.424708000000003,73.068688
Muzaffar Colony,Faisalabad,31.376576,73.050792
Mall Road,Lahore,31.556596000000003,74.33398199999999
Madar-e-Millat Road,Lahore,31.442025,74.31722099999999
Islamabad View Valley,Islamabad,33.489352000000004,72.72695999999999
Garja,Rawalpindi,33.561772999999995,72.982199
Millat Road,Lahore,31.52771,74.292579
Susan Road,Faisalabad,31.424694,73.11434799999999
Shaheen Town,Rawalpindi,33.610152,73.121989
"Karachi, Sindh",Karachi,24.862336,67.01389300000001
Naseerabad,Rawalpindi,33.623608472475,72.98317018843001
Shanghai Road,Lahore,31.455949,74.370964
Muqaddas Park,Lahore,31.549781,74.288002
Khudadad Colony,Karachi,24.873652,67.044956
Burj Mandi,Faisalabad,31.656085,73.097287
Rawal Road,Rawalpindi,33.615064000000004,73.081743
Gul Colony,Lahore,31.455025,74.361649
Noor Jahan Road,Lahore,31.509378,74.343787
Al-Jannat Housing Society - Kahna,Lahore,31.360227,74.384958
Abdullah Haroon Road,Karachi,24.848067,67.031176
Ayub Colony,Faisalabad,31.405993,73.055134
Model Colony,Rawalpindi,33.645739,73.093681
Al Madina Avenue,Lahore,31.417079,74.27950799999999
Shahtaj Colony,Lahore,31.488846,74.370232
Darul Aman Society,Karachi,24.875199,67.068398
Wapda Town,Faisalabad,31.483082,73.166882
Al-Hamad Colony (AIT),Lahore,31.522627000000004,74.30465
Gulshan Farooq Scheme,Lahore,31.574736,74.396124
Intelligence Colony,Karachi,24.841912,67.01269599999999
Hill Park,Karachi,24.868021,67.071147
Khayaban-e-Ittehad Road,Karachi,24.813129,67.076319
Allama Iqbal Town,Karachi,24.926879,67.026472
Kuri,Islamabad,33.672181,73.178586
Khana Kacha Road,Lahore,31.373857,74.35592700000001
Tarogill,Lahore,31.363501,74.208896
Altaf Hussain Road,Karachi,24.919284,66.961912
Bagh Sardaran,Rawalpindi,33.6202,73.054412
Sir Syed Chowk,Rawalpindi,33.646199,72.979628
Green Acres Housing Society,Lahore,31.410498,74.237695
Rehman Housing Society,Lahore,31.473392,74.29729499999999
Al Jameel Housing Scheme,Faisalabad,31.407028000000004,73.05455500000001
"Rawalpindi, Punjab",Rawalpindi,33.588311344901,73.03539276123
Raja Bazar,Rawalpindi,33.614422999999995,73.055409
Khalid Abad,Faisalabad,31.410498,73.071685
Divine Homes,Lahore,31.493338,74.416925
Airport Avenue Housing Society,Islamabad,33.536143,72.755002
Malik Colony,Rawalpindi,33.570802,73.001699
Mall Road,Rawalpindi,33.590653,73.054639
Heir,Lahore,31.407676,74.49037299999999
Toheed Park,Lahore,31.551046000000003,74.292245
Saadat Avenue,Lahore,31.482377000000003,74.29543699999999
Chapal Courtyard,Karachi,24.953426,67.144389
I-12,Islamabad,33.629628000000004,73.00241899999999
Kahuta Road,Islamabad,33.526585,73.470111
Umer Valley,Faisalabad,31.467841,73.17931999999999
Lytton Road,Lahore,31.554,74.311302
Rehman Pura,Faisalabad,31.420826,73.05177900000001
Irrigation Cooperative Housing Society,Lahore,31.432197,74.326072
Pakistan Intelligence Bureau Housing Society,Islamabad,33.613451,73.173232
Guru Nanak Pura,Faisalabad,31.415992,73.062079
Marir Hassan,Rawalpindi,33.596740000000004,73.06654
Amina Park,Lahore,31.489185,74.249303
Gujjar Colony,Lahore,31.415186,74.327831
Bagh-e-Korangi,Karachi,24.858398,67.151549
Bawa Chack 120 JB,Faisalabad,31.478758000000003,73.080435
Mominpur,Lahore,31.6012,74.416051
Defence Garden,Lahore,31.439484000000004,74.36439200000001
Naval Farms Housing Scheme,Islamabad,33.721306,73.217903
Chungi No. 22 Road,Rawalpindi,33.577827,73.04101899999999
Gulistan-e-Malir,Karachi,24.870283,67.178589
Bethsaida Colony,Rawalpindi,33.602574,73.000667
Beadon Road,Lahore,31.564148,74.321737
Lakshmi Chowk,Lahore,31.567163467407,74.325103759766
Nabha Road,Lahore,31.565723,74.307428
Pir Naseer,Lahore,31.560705,74.432512
Sadaat Town,Lahore,31.47201,74.425628
Jarahi,Rawalpindi,33.544434,73.04572399999999
Mohlanwal Scheme,Lahore,31.403795,74.172728
circular road,Karachi,25.080332,67.146873
Akalgarh,Rawalpindi,33.620887,73.0517
Lahore Villas,Lahore,31.372625,74.235404
Capital Smart City,Rawalpindi,33.507121000000005,72.875686
Ali Abad,Rawalpindi,33.639812,73.092037
Rehman Park,Lahore,31.547266,74.282459
Garden West,Karachi,24.887559890747,67.02825927734399
Chak 209 RB Akalgarh,Faisalabad,31.413841,73.180059
Dhok Hukamdad,Rawalpindi,33.625201000000004,73.113075
Ahlu Road,Lahore,31.377703000000004,74.37676
Waris Khan,Rawalpindi,33.616728,73.065598
Ahmed Town,Islamabad,33.531531,72.83145400000001
Dhok Elahi Baksh,Rawalpindi,33.611724,73.068216
Officer Colony,Lahore,31.503134000000003,74.369437
Nisbat Road,Lahore,31.569596,74.321026
Javed Bahria Coopretive Housing Society,Karachi,24.873725,66.912678
Abid Majeed Road,Rawalpindi,33.590739,73.037216
Blue Bell Residency,Karachi,24.837117000000003,67.035573
Diglus Pura,Faisalabad,31.415871000000003,73.073577
Saddar,Faisalabad,31.369504,72.939849
Mian Aziz Garden,Lahore,31.588558000000003,74.496808
Chauburji,Lahore,31.554911,74.30449
Jamil Town,Lahore,31.519398,74.27002399999999
Jinnah Avenue,Islamabad,33.709454,73.05543399999999
Others,Rawalpindi,33.618297314213,72.998560035316
Chattar,Islamabad,33.779609680176,73.240226745605
Saifabad,Faisalabad,31.402806,73.033798
Raja Park,Faisalabad,31.382292,73.049591
Taj Colony,Faisalabad,31.441186,73.09236999999999
Gulshan-e-Rehman,Faisalabad,31.466619,73.18678100000001
Rehman Gardens,Faisalabad,31.386322,73.126273
Abdullah Town,Lahore,31.495099,74.24091
Zaman Park,Lahore,31.551733,74.352636
Humaira Town,Karachi,24.910078,67.20000300000001
Katar Bund Road,Lahore,31.474503,74.231476
Lalukhet,Karachi,24.900299,67.032157
Model Town Humak,Rawalpindi,33.538727,73.14743399999999
Al-Raziq Garden,Lahore,31.559283,74.184612
Al Fayaz Colony,Faisalabad,31.395439,73.110849
LDA Avenue,Lahore,31.40918,74.210107
University Town,Islamabad,33.586238,72.887506
Al-Jadeed Residency,Karachi,24.931248,67.25654
Poonch Road,Lahore,31.536209000000003,74.299921
Gulshan View Residence Society,Lahore,31.485859,74.376971
Saidpur,Lahore,31.518877000000003,74.275795
ASF Housing Scheme,Karachi,24.937917,67.153713
Sitara Supreme City,Faisalabad,31.496927000000003,73.072362
Al-Hilal Society,Karachi,24.894248,67.066502
Azmat Town,Islamabad,33.732727000000004,73.172035
Airline Avenue,Islamabad,33.59453161124,72.85574913024901
I-11,Islamabad,33.642308,73.015399
Tulspura,Lahore,31.581206,74.459391
National Town,Lahore,31.561497,74.291997
Tulsa,Rawalpindi,33.567663,73.051529
Engineering Co-operative Housing (ECHS),Islamabad,33.655924,72.842209
Bhatti Colony,Lahore,31.468716,74.319849
Others,Islamabad,33.7294,73.0931
Babar Colony,Rawalpindi,33.618157000000004,73.109415
Rewaz Garden,Lahore,31.559585,74.303647
Doctors Housing Society,Rawalpindi,33.56918,73.127448
Lower Canal Road,Faisalabad,31.412463,73.157133
FDA City,Faisalabad,31.516728000000004,73.08340799999999
Nadeem Town,Lahore,31.499874,74.26253
Askari 5,Rawalpindi,33.584073,73.08662
Allama Iqbal Road,Lahore,31.559198,74.35116500000001
Shuja Road,Lahore,31.519558,74.310112
New Samanabad,Lahore,31.535401,74.306508
Lyari Town,Karachi,24.871486,66.982141
Khayaban-e-Faisal,Rawalpindi,33.60127,73.12201400000001
Samanabad Road,Faisalabad,31.391063,73.071401
Bankers Town,Lahore,31.448371,74.391315
Azeem Garden Shahdara,Lahore,31.668906,74.255742
Maulana Shaukat Ali Road,Lahore,31.476699,74.301438
Gulzar E Ahbab Society,Lahore,31.497267,74.259941
Gujjar Chowk,Karachi,24.854426,67.08511
Harchan Pura,Faisalabad,31.412989000000003,73.064954
Lakhodher,Lahore,31.609241,74.412875
Bankers Colony,Rawalpindi,33.546438,73.061718
Haji Chowk,Rawalpindi,33.630256,73.089402
Dream Villas,Lahore,31.426603000000004,74.251413
Bahria Education & Medical City,Lahore,31.296155,74.319888
E-12,Islamabad,33.691138,72.953153
Labor Colony,Lahore,31.40396,74.214497
Gulnishan Park,Lahore,31.403397,74.231404
Gulshan-e-Zaheer Colony,Rawalpindi,33.580011,73.03307099999999
Al Barkat Villas,Faisalabad,31.377192,73.124949
Faizabad,Rawalpindi,33.662514,73.084356
Model Town,Islamabad,33.704801,73.225157
Gulshan-e-Umair,Karachi,24.939904,67.16690200000001
D-14,Islamabad,33.70341,72.926426
Begum Kot,Lahore,31.617325,74.26702900000001
Mason Road,Lahore,31.552592,74.322788
Qamar Garden,Faisalabad,31.459711,73.15536999999999
Qayyumabad,Karachi,24.827404,67.07865
Gulshan-e-Malir,Karachi,24.880438,67.179402
Others,Karachi,24.8615,67.0099
Niamuana Bypass Road,Faisalabad,31.340631,73.080618
Mangopir,Karachi,24.98174,67.03590600000001
Motorway City,Faisalabad,31.51585,73.070791
Punjab Colony,Karachi,24.830948,67.047329
Lalazar 2,Rawalpindi,33.551679,73.02683
Al-Hafeez Garden Road,Lahore,31.586931,74.47206
Country Homes,Lahore,31.432864,74.470113
Mateen Garden,Lahore,31.6503,74.27006
Kohinoor Town,Faisalabad,31.415799,73.117983
Wireless Residential Colony,Rawalpindi,33.592655344729,73.04282080557701
Ismail City,Faisalabad,31.467713,73.066284
Sultan Colony,Lahore,31.469192,74.42919
Defence Fort,Lahore,31.460255,74.365033
Murree Road,Islamabad,33.76201,73.217792
Sihala Valley,Islamabad,33.551548,73.212615
Bokra Road,Islamabad,33.628883,73.000788
Sea View Apartments,Karachi,24.791838,67.044668
Bakhsh Town,Lahore,31.598545,74.213113
Sundar Industrial Estate,Lahore,31.28838,74.167671
Gulzar Colony,Lahore,31.481889,74.240654
Abdullah City,Faisalabad,31.362066,73.065248
New Green Town,Faisalabad,31.493355,73.109049
Embassy Road,Islamabad,33.72666862966,73.107082843781
Angori Scheme 1,Lahore,31.585137534145,74.382564765377
